{"name":"Autodesk Design Description","version":"0.1","designDescription":{"id":"0","name":"XRef File Design","currentVersion":"11","designGraphs":[{"creationDate":"2023-08-27T22:17:13+0000","creatingService":"wipdm","rootIds":[926074],"designObjectRefs":[],"designObjects":[{"id":926082,"version":3,"about":"urn:adsk.wipprod:fs.file:vf.z9QgJXDzSIqyVc-AWCFyiA?version=3","lineage":"urn:adsk.wipprod:dm.lineage:z9QgJXDzSIqyVc-AWCFyiA","from":"urn:adsk.objects:os.object:wip.dm.prod/92612981-ce12-4d07-830e-27a3c59ec476.f3d","relativePath":"b2d751d7-3642-403d-a89c-064c646afd2e.f3d","downloadAs":"b2d751d7-3642-403d-a89c-064c646afd2e.f3d","friendlyName":"axial holder","displayName":"axial holder","zipped":false,"rootFile":"","contentType":"f3d","shareInfo":null,"references":[],"metadata":{"pimDMAction":"FremontLocalJournal","rootFileName":"axial holder.f3d","thumbnailStatus":"REGISTERED","EIPContext":"{}","translateChannel":"convert-fusion-r02","description":"User Saved","isAutoSave":"false","viewableChannel":"viewing-f3d-lmv","DesignModelRevisionID":"5a84e175-46cd-4b07-8ed4-4e9d1e4c80da"},"createdAt":"2023-07-10T01:44:26+0000"},{"id":926078,"version":1,"about":"urn:adsk.wipprod:fs.file:vf.ED_QYHLgSASaYxukqlha9w?version=1","lineage":"urn:adsk.wipprod:dm.lineage:ED_QYHLgSASaYxukqlha9w","from":"urn:adsk.objects:os.object:wip.dm.prod/4eb3a71f-1fbd-4809-a40a-c34d0a27b42c.f3d","relativePath":"fb94451a-d760-4bd4-9c2e-781a96c8e622.f3d","downloadAs":"fb94451a-d760-4bd4-9c2e-781a96c8e622.f3d","friendlyName":"M3x10mm","displayName":"M3x10mm","zipped":false,"rootFile":"","contentType":"f3d","shareInfo":null,"references":[],"metadata":{"pimDMAction":"FremontLocalJournal","rootFileName":"M3x10mm.f3d","thumbnailStatus":"REGISTERED","EIPContext":"{}","translateChannel":"convert-fusion-r02","description":"Item created","isAutoSave":"false","viewableChannel":"viewing-f3d-lmv","DesignModelRevisionID":"913ea0a0-ea09-4910-a7af-291fcfb50926"},"createdAt":"2023-07-05T18:16:07+0000"},{"id":926083,"version":2,"about":"urn:adsk.wipprod:fs.file:vf.MCmnr9lrQ8a3Bkpoct0oCA?version=2","lineage":"urn:adsk.wipprod:dm.lineage:MCmnr9lrQ8a3Bkpoct0oCA","from":"urn:adsk.objects:os.object:wip.dm.prod/288e5e9c-81bb-4f6e-a096-d1ce2bbacd5c.f3d","relativePath":"fa6c9184-92a8-46c1-994b-9322e053114a.f3d","downloadAs":"fa6c9184-92a8-46c1-994b-9322e053114a.f3d","friendlyName":"Linear Rail","displayName":"Linear Rail","zipped":false,"rootFile":"","contentType":"f3d","shareInfo":null,"references":[],"metadata":{"pimDMAction":"FremontLocalJournal","rootFileName":"Linear Rail.f3d","thumbnailStatus":"REGISTERED","EIPContext":"{}","translateChannel":"convert-fusion-r02","description":"User Saved","isAutoSave":"false","viewableChannel":"viewing-f3d-lmv","DesignModelRevisionID":"dfe4c4f6-c62c-4c24-adbf-ec62421c2aa3"},"createdAt":"2023-06-30T05:11:53+0000"},{"id":926088,"version":1,"about":"urn:adsk.wipprod:fs.file:vf.SupNrdcbTAexLt1wisexMQ?version=1","lineage":"urn:adsk.wipprod:dm.lineage:SupNrdcbTAexLt1wisexMQ","from":"urn:adsk.objects:os.object:wip.dm.prod/bf2a314e-fd88-4334-a3ad-496537a79e43.f3d","relativePath":"9373dff8-4d5c-4323-9043-8fab3133da74.f3d","downloadAs":"9373dff8-4d5c-4323-9043-8fab3133da74.f3d","friendlyName":"#4 x 7/8\" wood screw","displayName":"#4 x 7/8\" wood screw","zipped":false,"rootFile":"","contentType":"f3d","shareInfo":null,"references":[],"metadata":{"pimDMAction":"FremontLocalJournal","rootFileName":"#4 x 7&#47;8&#34; wood screw.f3d","thumbnailStatus":"REGISTERED","EIPContext":"{}","translateChannel":"convert-fusion-r02","description":"Item created","isAutoSave":"false","viewableChannel":"viewing-f3d-lmv","DesignModelRevisionID":"e3b1da14-60c9-410d-b911-78e29937944d"},"createdAt":"2023-07-05T18:46:49+0000"},{"id":926076,"version":10,"about":"urn:adsk.wipprod:fs.file:vf.MyB7GS0WQHaQlmfZm5VKtw?version=10","lineage":"urn:adsk.wipprod:dm.lineage:MyB7GS0WQHaQlmfZm5VKtw","from":"urn:adsk.objects:os.object:wip.dm.prod/38f1803b-7262-4c9f-9178-b36dc3fedb49.f3d","relativePath":"51da6bdd-0be3-4f7a-b87a-17da48fa5906.f3d","downloadAs":"51da6bdd-0be3-4f7a-b87a-17da48fa5906.f3d","friendlyName":"Frame 1","displayName":"Frame 1","zipped":false,"rootFile":"","contentType":"f3d","shareInfo":null,"references":[],"metadata":{"EIPContextCreationLineage":"urn:adsk.wipprod:dm.lineage:MyB7GS0WQHaQlmfZm5VKtw","pimDMAction":"FremontLocalJournal","rootFileName":"Frame 1.f3d","EIPDerivedContextToAssemblyLinks":"{\"01b01e16-27ed-436c-bb40-1d3f9280c70e\":\"urn:adsk.wipprod:dm.lineage:eUVlPQlBTOy06fHAjKJW0A\"}","thumbnailStatus":"REGISTERED","EIPContext":"{}","translateChannel":"convert-fusion-r02","description":"User Saved","isAutoSave":"false","viewableChannel":"viewing-f3d-lmv","DesignModelRevisionID":"4936e566-7031-461d-970f-b68567352d33"},"createdAt":"2023-07-09T00:40:43+0000"},{"id":926087,"version":2,"about":"urn:adsk.wipprod:fs.file:vf.2J_X8ExWSTunTN0bpZ2fEw?version=2","lineage":"urn:adsk.wipprod:dm.lineage:2J_X8ExWSTunTN0bpZ2fEw","from":"urn:adsk.objects:os.object:wip.dm.prod/4ae0f2b7-640f-4b1e-91c3-2e30347a7b4e.f3d","relativePath":"fbde1594-5f81-4d83-b348-d6dc6ea7c917.f3d","downloadAs":"fbde1594-5f81-4d83-b348-d6dc6ea7c917.f3d","friendlyName":"Axial rotator left","displayName":"Axial rotator left","zipped":false,"rootFile":"","contentType":"f3d","shareInfo":null,"references":[],"metadata":{"pimDMAction":"FremontLocalJournal","rootFileName":"Axial rotator left.f3d","thumbnailStatus":"REGISTERED","EIPContext":"{}","translateChannel":"convert-fusion-r02","description":"User Saved","isAutoSave":"false","viewableChannel":"viewing-f3d-lmv","DesignModelRevisionID":"68a7b0c7-d460-4a04-b691-362bb18acbb8"},"createdAt":"2023-07-10T01:38:09+0000"},{"id":926092,"version":4,"about":"urn:adsk.wipprod:fs.file:vf.ydE-XlS1QPOfB81ap3PgGw?version=4","lineage":"urn:adsk.wipprod:dm.lineage:ydE-XlS1QPOfB81ap3PgGw","from":"urn:adsk.objects:os.object:wip.dm.prod/50d694fa-8267-4221-a600-37b7cf2d4444.f3d","relativePath":"9713c371-0c04-4371-945b-378d999433e1.f3d","downloadAs":"9713c371-0c04-4371-945b-378d999433e1.f3d","friendlyName":"Axial rotator (right)","displayName":"Axial rotator (right)","zipped":false,"rootFile":"","contentType":"f3d","shareInfo":null,"references":[],"metadata":{"pimDMAction":"FremontLocalJournal","rootFileName":"Axial rotator (right).f3d","thumbnailStatus":"REGISTERED","EIPContext":"{}","translateChannel":"convert-fusion-r02","description":"User Saved","isAutoSave":"false","viewableChannel":"viewing-f3d-lmv","DesignModelRevisionID":"9d6481e4-e46a-4196-b1be-7d9ac51457a4"},"createdAt":"2023-07-05T20:35:15+0000"},{"id":926079,"version":3,"about":"urn:adsk.wipprod:fs.file:vf.f-x9biVCSgO-JGAfjg69DA?version=3","lineage":"urn:adsk.wipprod:dm.lineage:f-x9biVCSgO-JGAfjg69DA","from":"urn:adsk.objects:os.object:wip.dm.prod/5b68e20d-bbef-4fcf-8d57-a21872eae828.f3d","relativePath":"92815469-9e53-4843-92bc-7bb82e3d5470.f3d","downloadAs":"92815469-9e53-4843-92bc-7bb82e3d5470.f3d","friendlyName":"Spool holder","displayName":"Spool holder","zipped":false,"rootFile":"","contentType":"f3d","shareInfo":null,"references":[{"type":"XREF","ids":[926080],"relationships":[{"id":926080,"metadata":{"neutronData":"","neutronRole":"0ec96be0-0638-4ad8-875e-1bbeef96fee3"}}]}],"metadata":{"pimDMAction":"FremontLocalJournal","rootFileName":"Spool holder.f3d","thumbnailStatus":"REGISTERED","EIPContext":"{}","translateChannel":"convert-fusion-r02","description":"User Saved","isAutoSave":"false","viewableChannel":"viewing-f3d-lmv","DesignModelRevisionID":"dc0698d2-2a7a-4c5c-9f01-64e3d59ec679"},"createdAt":"2023-07-07T22:01:10+0000"},{"id":926084,"version":1,"about":"urn:adsk.wipprod:fs.file:vf.tcSSehw5Q8OmoSjLmstftA?version=1","lineage":"urn:adsk.wipprod:dm.lineage:tcSSehw5Q8OmoSjLmstftA","from":"urn:adsk.objects:os.object:wip.dm.prod/2901fe5e-4065-4620-90c7-bc9b075d02b6.f3d","relativePath":"6caa4c36-2ba1-4dd8-8ca4-bc3f380595b6.f3d","downloadAs":"6caa4c36-2ba1-4dd8-8ca4-bc3f380595b6.f3d","friendlyName":"Pillow Bearing Block","displayName":"Pillow Bearing Block","zipped":false,"rootFile":"","contentType":"f3d","shareInfo":null,"references":[],"metadata":{"pimDMAction":"FremontLocalJournal","rootFileName":"Pillow Bearing Block.f3d","thumbnailStatus":"REGISTERED","EIPContext":"{}","translateChannel":"convert-fusion-r02","description":"Item created","isAutoSave":"false","viewableChannel":"viewing-f3d-lmv","DesignModelRevisionID":"4e11482c-8a2d-4eb8-b08a-208049acf102"},"createdAt":"2023-06-27T18:25:59+0000"},{"id":926074,"version":11,"about":"urn:adsk.wipprod:fs.file:vf.eUVlPQlBTOy06fHAjKJW0A?version=11","lineage":"urn:adsk.wipprod:dm.lineage:eUVlPQlBTOy06fHAjKJW0A","from":"urn:adsk.objects:os.object:wip.dm.prod/30a51808-4395-4f5b-ae05-28644e5f0788.f3d","relativePath":"0ebd1f7a-ee04-4d1e-b3b6-4e7ccf30921f.f3d","downloadAs":"0ebd1f7a-ee04-4d1e-b3b6-4e7ccf30921f.f3d","friendlyName":".Coil winder assembly","displayName":".Coil winder assembly","zipped":false,"rootFile":"","contentType":"f3d","shareInfo":null,"references":[{"type":"XREF","ids":[926075,926076,926077,926079,926081,926082,926083,926084,926085,926086,926087,926088,926089,926090,926091,926092],"relationships":[{"id":926075,"metadata":{"neutronData":"","neutronRole":"425954da-754f-48b7-ace7-41522591baa4"}},{"id":926076,"metadata":{"neutronData":"","neutronRole":"31e33fef-5d5a-4536-a3f9-ef386f88fcaa"}},{"id":926077,"metadata":{"neutronData":"","neutronRole":"16503cb2-66ef-4d04-ad64-e945b3ec2c97"}},{"id":926079,"metadata":{"neutronData":"","neutronRole":"5aecf1c6-997c-4a73-af7b-8d6f63b36be1"}},{"id":926081,"metadata":{"neutronData":"","neutronRole":"9ec12484-1fe5-4b94-b2a2-e52a96cf6ccc"}},{"id":926082,"metadata":{"neutronData":"","neutronRole":"cf24243d-6438-40a1-8edf-1460bfc822a7"}},{"id":926083,"metadata":{"neutronData":"","neutronRole":"fda67be9-c691-46eb-b338-3d201b9ab1b2"}},{"id":926084,"metadata":{"neutronData":"","neutronRole":"f02c2f9d-59d1-42e5-aa46-6fd4f7876772"}},{"id":926085,"metadata":{"neutronData":"","neutronRole":"b1fb41b7-62b4-421c-9991-9d6d71038797"}},{"id":926086,"metadata":{"neutronData":"","neutronRole":"5f538764-5d90-4080-afa0-a2d915eb4baf"}},{"id":926087,"metadata":{"neutronData":"","neutronRole":"b0e884a0-2b73-4381-8bda-0d089d546a29"}},{"id":926088,"metadata":{"neutronData":"","neutronRole":"2e7e346d-b475-43f6-8e2d-eb0fecb12133"}},{"id":926089,"metadata":{"neutronData":"","neutronRole":"fcc1a56f-1745-484f-b884-4252a4792c25"}},{"id":926090,"metadata":{"neutronData":"","neutronRole":"8cc3fda2-0974-4167-a1ae-93063218fb0e"}},{"id":926091,"metadata":{"neutronData":"","neutronRole":"37c5fa4a-1c57-4470-b818-47ecce033129"}},{"id":926092,"metadata":{"neutronData":"","neutronRole":"c1e3bc75-9331-44d1-b4eb-02d81405266a"}}]}],"metadata":{"pimDMAction":"FremontLocalJournal","rootFileName":".Coil winder assembly.f3d","thumbnailStatus":"REGISTERED","EIPContext":"{\"0a2760e4-0841-4071-8acd-76d03e5f8ad7\":\"d689d38c-0059-46c0-be50-1b894d1db79b\",\"01b01e16-27ed-436c-bb40-1d3f9280c70e\":\"762c9461-074c-483f-a7db-a62f8a659f57\"}","translateChannel":"convert-fusion-r02","description":"User Saved","isAutoSave":"false","viewableChannel":"viewing-f3d-lmv","DesignModelRevisionID":"4add24c7-f350-4e42-8de1-9e1bc4d1bd68"},"createdAt":"2023-07-10T02:42:03+0000"},{"id":926081,"version":2,"about":"urn:adsk.wipprod:fs.file:vf.n-9dfGIaQxq7jYxad7PvQA?version=2","lineage":"urn:adsk.wipprod:dm.lineage:n-9dfGIaQxq7jYxad7PvQA","from":"urn:adsk.objects:os.object:wip.dm.prod/eb9fe116-cb46-4c77-9cc0-32d10ee06962.f3d","relativePath":"243e386a-efd8-4f79-a627-f1794b79efc7.f3d","downloadAs":"243e386a-efd8-4f79-a627-f1794b79efc7.f3d","friendlyName":"Brass Nut","displayName":"Brass Nut","zipped":false,"rootFile":"","contentType":"f3d","shareInfo":null,"references":[],"metadata":{"pimDMAction":"FremontLocalJournal","rootFileName":"Brass Nut.f3d","thumbnailStatus":"REGISTERED","EIPContext":"{}","translateChannel":"convert-fusion-r02","description":"User Saved","isAutoSave":"false","viewableChannel":"viewing-f3d-lmv","DesignModelRevisionID":"67ddb69d-597d-45d6-915d-1df98dd4376f"},"createdAt":"2023-06-16T22:48:58+0000"},{"id":926090,"version":3,"about":"urn:adsk.wipprod:fs.file:vf.GmH4CF-lTkeIJbIxXokRnQ?version=3","lineage":"urn:adsk.wipprod:dm.lineage:GmH4CF-lTkeIJbIxXokRnQ","from":"urn:adsk.objects:os.object:wip.dm.prod/09a20474-ce85-4b9e-84e7-87435dded14a.f3d","relativePath":"0fdfd832-8242-4492-880b-6bffa0671083.f3d","downloadAs":"0fdfd832-8242-4492-880b-6bffa0671083.f3d","friendlyName":"Torque rod","displayName":"Torque rod","zipped":false,"rootFile":"","contentType":"f3d","shareInfo":null,"references":[],"metadata":{"pimDMAction":"FremontLocalJournal","rootFileName":"Torque rod.f3d","thumbnailStatus":"REGISTERED","EIPContext":"{}","translateChannel":"convert-fusion-r08","description":"User Saved","isAutoSave":"false","viewableChannel":"viewing-f3d-lmv","DesignModelRevisionID":"252cb80c-8006-4e3a-a65c-82a913148c8e"},"createdAt":"2023-03-22T13:53:32+0000"},{"id":926077,"version":9,"about":"urn:adsk.wipprod:fs.file:vf.T0gaM4WLRo6F2HgMI7AHXA?version=9","lineage":"urn:adsk.wipprod:dm.lineage:T0gaM4WLRo6F2HgMI7AHXA","from":"urn:adsk.objects:os.object:wip.dm.prod/2a6718b1-e6ed-49e1-a44b-ac23d0cff085.f3d","relativePath":"0401e3ee-3647-427e-98b7-14db56104d35.f3d","downloadAs":"0401e3ee-3647-427e-98b7-14db56104d35.f3d","friendlyName":"Motor","displayName":"Motor","zipped":false,"rootFile":"","contentType":"f3d","shareInfo":null,"references":[{"type":"XREF","ids":[926078],"relationships":[{"id":926078,"metadata":{"neutronData":"","neutronRole":"0fe69009-0925-41b8-b893-3454285e9b45"}}]}],"metadata":{"pimDMAction":"FremontLocalJournal","rootFileName":"Motor.f3d","thumbnailStatus":"REGISTERED","EIPContext":"{}","translateChannel":"convert-fusion-r02","description":"User Saved","isAutoSave":"false","viewableChannel":"viewing-f3d-lmv","DesignModelRevisionID":"58a34bec-b4f8-4588-be87-2fbb44c30465"},"createdAt":"2023-07-09T02:18:46+0000"},{"id":926089,"version":1,"about":"urn:adsk.wipprod:fs.file:vf.jVqBJUARRP2XYNOtsUUqlg?version=1","lineage":"urn:adsk.wipprod:dm.lineage:jVqBJUARRP2XYNOtsUUqlg","from":"urn:adsk.objects:os.object:wip.dm.prod/22fd80dd-e40d-4f96-adb3-7e8541d89c4d.f3d","relativePath":"7703ab39-1776-4f04-882e-e49c1264eab0.f3d","downloadAs":"7703ab39-1776-4f04-882e-e49c1264eab0.f3d","friendlyName":"Floor","displayName":"Floor","zipped":false,"rootFile":"","contentType":"f3d","shareInfo":null,"references":[],"metadata":{"pimDMAction":"FremontLocalJournal","rootFileName":"Floor.f3d","thumbnailStatus":"REGISTERED","EIPContext":"{}","translateChannel":"convert-fusion-r02","description":"Item created","isAutoSave":"false","viewableChannel":"viewing-f3d-lmv","DesignModelRevisionID":"3d2eaa72-12e5-4f2b-aa14-6fd3084e6d1b"},"createdAt":"2023-07-07T21:30:30+0000"},{"id":926075,"version":1,"about":"urn:adsk.wipprod:fs.file:vf.i0w2w87QR3-_HA8VN9MnJA?version=1","lineage":"urn:adsk.wipprod:dm.lineage:i0w2w87QR3-_HA8VN9MnJA","from":"urn:adsk.objects:os.object:wip.dm.prod/933b7058-be6a-47af-ba91-820f0e82eb9c.f3d","relativePath":"ea646ed2-081d-487c-8517-ac782d85c4e2.f3d","downloadAs":"ea646ed2-081d-487c-8517-ac782d85c4e2.f3d","friendlyName":"Lead Screw","displayName":"Lead Screw","zipped":false,"rootFile":"","contentType":"f3d","shareInfo":null,"references":[],"metadata":{"pimDMAction":"FremontLocalJournal","rootFileName":"Lead Screw.f3d","thumbnailStatus":"REGISTERED","EIPContext":"{}","translateChannel":"convert-fusion-r02","description":"Item created","isAutoSave":"false","viewableChannel":"viewing-f3d-lmv","DesignModelRevisionID":"036eab0b-863f-4f24-8389-2161207d18aa"},"createdAt":"2023-06-14T22:05:02+0000"},{"id":926086,"version":1,"about":"urn:adsk.wipprod:fs.file:vf.U7xQru63QFWenE6tL8Ur1g?version=1","lineage":"urn:adsk.wipprod:dm.lineage:U7xQru63QFWenE6tL8Ur1g","from":"urn:adsk.objects:os.object:wip.dm.prod/517ecb7b-28bc-45fb-9000-22922c5c3d40.f3d","relativePath":"629f7b54-8f66-4f55-b9ab-2e6daeb9191c.f3d","downloadAs":"629f7b54-8f66-4f55-b9ab-2e6daeb9191c.f3d","friendlyName":"Coupler Shaft","displayName":"Coupler Shaft","zipped":false,"rootFile":"","contentType":"f3d","shareInfo":null,"references":[],"metadata":{"pimDMAction":"FremontLocalJournal","rootFileName":"Coupler Shaft.f3d","thumbnailStatus":"REGISTERED","EIPContext":"{}","translateChannel":"convert-fusion-r02","description":"Item created","isAutoSave":"false","viewableChannel":"viewing-f3d-lmv","DesignModelRevisionID":"5a1fe814-fb57-4e62-bad0-188f2c8af006"},"createdAt":"2023-06-21T22:51:32+0000"},{"id":926091,"version":6,"about":"urn:adsk.wipprod:fs.file:vf.c0uDtQsFSBWPNLeoCHKDhA?version=6","lineage":"urn:adsk.wipprod:dm.lineage:c0uDtQsFSBWPNLeoCHKDhA","from":"urn:adsk.objects:os.object:wip.dm.prod/d56c42a3-b245-4f09-8aea-ee5e66483672.f3d","relativePath":"fe6a7e9d-dada-46fb-8e59-c0c328b3d8b5.f3d","downloadAs":"fe6a7e9d-dada-46fb-8e59-c0c328b3d8b5.f3d","friendlyName":"Linear Bearing","displayName":"Linear Bearing","zipped":false,"rootFile":"","contentType":"f3d","shareInfo":null,"references":[],"metadata":{"pimDMAction":"FremontLocalJournal","rootFileName":"linear motion.f3d","thumbnailStatus":"REGISTERED","EIPContext":"{}","translateChannel":"convert-fusion-r02","description":"User Saved","isAutoSave":"false","viewableChannel":"viewing-f3d-lmv","DesignModelRevisionID":"ad5af44e-43b7-42e1-b0f1-40bc3bbaa393"},"createdAt":"2023-07-05T18:09:43+0000"},{"id":926080,"version":1,"about":"urn:adsk.wipprod:fs.file:vf.6k-_4zURRBSYpE6Oon6GcQ?version=1","lineage":"urn:adsk.wipprod:dm.lineage:6k-_4zURRBSYpE6Oon6GcQ","from":"urn:adsk.objects:os.object:wip.dm.prod/d85ead8a-1527-48de-8c26-5e8672b3f1b4.f3d","relativePath":"94c2ddea-184f-445e-952c-255203f229de.f3d","downloadAs":"94c2ddea-184f-445e-952c-255203f229de.f3d","friendlyName":"Spool Lock","displayName":"Spool Lock","zipped":false,"rootFile":"","contentType":"f3d","shareInfo":null,"references":[],"metadata":{"pimDMAction":"FremontLocalJournal","rootFileName":"Lock.f3d","thumbnailStatus":"REGISTERED","EIPContext":"{}","translateChannel":"convert-fusion-r02","description":"Item created","isAutoSave":"false","viewableChannel":"viewing-f3d-lmv","DesignModelRevisionID":"7a89d07e-7776-41f2-8a4f-548805803559"},"createdAt":"2023-07-07T21:00:56+0000"},{"id":926085,"version":5,"about":"urn:adsk.wipprod:fs.file:vf.WMO1YuD7R7OObdVsFUPkTQ?version=5","lineage":"urn:adsk.wipprod:dm.lineage:WMO1YuD7R7OObdVsFUPkTQ","from":"urn:adsk.objects:os.object:wip.dm.prod/4c4c5f54-2fb7-4f60-b830-3e76ca8acb29.f3d","relativePath":"e99afc49-b2f2-462d-8854-5b2116db6812.f3d","downloadAs":"e99afc49-b2f2-462d-8854-5b2116db6812.f3d","friendlyName":"Frame 2(left)","displayName":"Frame 2(left)","zipped":false,"rootFile":"","contentType":"f3d","shareInfo":null,"references":[],"metadata":{"EIPContextCreationLineage":"urn:adsk.wipprod:dm.lineage:WMO1YuD7R7OObdVsFUPkTQ","pimDMAction":"FremontLocalJournal","rootFileName":"Frame 2(left).f3d","EIPDerivedContextToAssemblyLinks":"{\"0a2760e4-0841-4071-8acd-76d03e5f8ad7\":\"urn:adsk.wipprod:dm.lineage:WEvW2dmOSzOA9WDsMShJ-A\"}","thumbnailStatus":"REGISTERED","EIPContext":"{}","translateChannel":"convert-fusion-r02","description":"User Saved","isAutoSave":"false","viewableChannel":"viewing-f3d-lmv","DesignModelRevisionID":"5b6b0dfa-be4c-4717-8a16-17621ab9ff6e"},"createdAt":"2023-07-07T22:01:04+0000"}]}]}}